<?xml version="1.0" encoding="UTF-8"?>
<project-private xmlns="http://www.netbeans.org/ns/project-private/1">
    <editor-bookmarks xmlns="http://www.netbeans.org/ns/editor-bookmarks/2" lastBookmarkId="0"/>
    <open-files xmlns="http://www.netbeans.org/ns/projectui-open-files/2">
        <group>
            <file>file:/C:/xampp/htdocs/QLChatHoaHoc/them_chat.php</file>
            <file>file:/C:/xampp/htdocs/QLChatHoaHoc/xoa_chat.php</file>
            <file>file:/C:/xampp/htdocs/QLChatHoaHoc/dang_nhap.php</file>
            <file>file:/C:/xampp/htdocs/QLChatHoaHoc/them_phan_ung.php</file>
            <file>file:/C:/xampp/htdocs/QLChatHoaHoc/xoa_phan_ung.php</file>
            <file>file:/C:/xampp/htdocs/QLChatHoaHoc/them_loai_chat.php</file>
            <file>file:/C:/xampp/htdocs/QLChatHoaHoc/loai_chat_hoa_hoc.php</file>
            <file>file:/C:/xampp/htdocs/QLChatHoaHoc/sua_loai_phan_ung.php</file>
            <file>file:/C:/xampp/htdocs/QLChatHoaHoc/xoa_loai_phan_ung.php</file>
            <file>file:/C:/xampp/htdocs/QLChatHoaHoc/sua_loai_chat.php</file>
            <file>file:/C:/xampp/htdocs/QLChatHoaHoc/index.php</file>
            <file>file:/C:/xampp/htdocs/QLChatHoaHoc/xoa_loai_chat.php</file>
            <file>file:/C:/xampp/htdocs/QLChatHoaHoc/sua_chat.php</file>
            <file>file:/C:/xampp/htdocs/QLChatHoaHoc/chat_hoa_hoc.php</file>
            <file>file:/C:/xampp/htdocs/QLChatHoaHoc/DBConnect.php</file>
            <file>file:/C:/xampp/htdocs/QLChatHoaHoc/phan_ung_hoa_hoc.php</file>
            <file>file:/C:/xampp/htdocs/QLChatHoaHoc/them_loai_phan_ung.php</file>
        </group>
    </open-files>
</project-private>
